tar_name,filepath,hash
timeseries_png_8b3981cd,3_visualize/out/timeseries_AK.png,ca28652253ee03b2
timeseries_png_2de98fa3,3_visualize/out/timeseries_AL.png,71edba9fbb044614
timeseries_png_6f2346ce,3_visualize/out/timeseries_AR.png,72fd65108c7600db
timeseries_png_37aed7c6,3_visualize/out/timeseries_AZ.png,a87bce9a087e21cf
timeseries_png_a4975c66,3_visualize/out/timeseries_CA.png,bd7f905f3b3ade26
timeseries_png_e9cb5fb4,3_visualize/out/timeseries_CO.png,a12ae020acec8cca
timeseries_png_4b44c33f,3_visualize/out/timeseries_CT.png,b57f6e087e36c431
timeseries_png_82ca6b7c,3_visualize/out/timeseries_DC.png,26d134791425a403
timeseries_png_6074cda3,3_visualize/out/timeseries_DE.png,d355bedf52c25d54
timeseries_png_fa089e5d,3_visualize/out/timeseries_FL.png,54e80c242eae9954
timeseries_png_5a303d32,3_visualize/out/timeseries_GA.png,2f42fe39aa0ad07a
timeseries_png_b36b39fe,3_visualize/out/timeseries_GU.png,6c3cd54cb4d25b00
timeseries_png_cd72233c,3_visualize/out/timeseries_HI.png,01170b1aee9ad59f
timeseries_png_4b7e0677,3_visualize/out/timeseries_IA.png,57562dfc3b649c8f
timeseries_png_49d80abd,3_visualize/out/timeseries_ID.png,f86873a89437dd35
timeseries_png_a44f6361,3_visualize/out/timeseries_IL.png,3d9cb95bab7065e0
timeseries_png_59d0c265,3_visualize/out/timeseries_IN.png,5df355ab080b4366
timeseries_png_1cb14dea,3_visualize/out/timeseries_KS.png,2c53f0de9f358602
timeseries_png_1278d0e6,3_visualize/out/timeseries_KY.png,63809848e8906266
timeseries_png_e9baa45f,3_visualize/out/timeseries_LA.png,fa9221bdfdbf34f8
timeseries_png_d99105ee,3_visualize/out/timeseries_MA.png,228b1e2ec6aeee9d
timeseries_png_e2cfd215,3_visualize/out/timeseries_MD.png,bc3bbf834246ed22
timeseries_png_d30f9373,3_visualize/out/timeseries_ME.png,6db3bee8d717d5e1
timeseries_png_1ff70f84,3_visualize/out/timeseries_MI.png,c7be8037d69d383a
timeseries_png_fa6a3a87,3_visualize/out/timeseries_MN.png,e17927fbe772d8f0
timeseries_png_b43cde7c,3_visualize/out/timeseries_MO.png,7c101513cd44bc3e
timeseries_png_e0d7e420,3_visualize/out/timeseries_MS.png,fd68525f7c10d24c
timeseries_png_c029915e,3_visualize/out/timeseries_MT.png,5d56afc5391ea83f
timeseries_png_606210c6,3_visualize/out/timeseries_NC.png,67793b11001f2820
timeseries_png_031decd6,3_visualize/out/timeseries_ND.png,f4fddad0f2061316
timeseries_png_1d2601b6,3_visualize/out/timeseries_NE.png,1ee583fb58c624b9
timeseries_png_6cda27ae,3_visualize/out/timeseries_NH.png,aa9144fb2c64da36
timeseries_png_0cedd501,3_visualize/out/timeseries_NJ.png,7e6cb73754cb3291
timeseries_png_cf7a8063,3_visualize/out/timeseries_NM.png,66e897f0157ede96
timeseries_png_bb10ecee,3_visualize/out/timeseries_NV.png,3125d618c5910802
timeseries_png_f2398c37,3_visualize/out/timeseries_NY.png,036b5485aec10351
timeseries_png_3b57844c,3_visualize/out/timeseries_OH.png,704196de39f3d6c6
timeseries_png_0ba60310,3_visualize/out/timeseries_OK.png,bc16d375f425df8a
timeseries_png_ee29b46a,3_visualize/out/timeseries_OR.png,d53065d47e5456ad
timeseries_png_060c090b,3_visualize/out/timeseries_PA.png,a3d0ca56c743e9c7
timeseries_png_5b890243,3_visualize/out/timeseries_PR.png,9fbf559e6281b7e4
timeseries_png_77005892,3_visualize/out/timeseries_RI.png,1fa6dd4ade558955
timeseries_png_ef6b4faa,3_visualize/out/timeseries_SC.png,cf6d69dc314dda85
timeseries_png_be17d7f5,3_visualize/out/timeseries_SD.png,3955ab33ef94bb93
timeseries_png_d33cce20,3_visualize/out/timeseries_TN.png,fd6bdc9c9ffdc27e
timeseries_png_c2252605,3_visualize/out/timeseries_TX.png,0a45fc74037f9d7b
timeseries_png_a9304af7,3_visualize/out/timeseries_UT.png,8bbedc5d43799100
timeseries_png_696b8e78,3_visualize/out/timeseries_VA.png,b72beb4a3c7b4bdf
timeseries_png_0af19748,3_visualize/out/timeseries_VT.png,0d6162736b7638ae
timeseries_png_469dcf88,3_visualize/out/timeseries_WA.png,577bd30377c5a60e
timeseries_png_b0df3d54,3_visualize/out/timeseries_WI.png,39f01b0a50de5d8a
timeseries_png_d3aa529a,3_visualize/out/timeseries_WV.png,bfcccb9d0ed6f2c0
timeseries_png_cd73f7c9,3_visualize/out/timeseries_WY.png,ddc3a16b50c13e08
